{"train loss": 1.4589166641235352, "step": 3, "epoch": 1, "_timestamp": 1678565281.1803794, "_runtime": 12.934406280517578, "_step": 2, "_wandb": {"runtime": 122}}