{"train loss": 1.4574742317199707, "step": 3, "epoch": 1, "_timestamp": 1678565837.1137116, "_runtime": 9.635270595550537, "_step": 2, "_wandb": {"runtime": 376}}