{"train loss": 1.4361803531646729, "step": 3, "epoch": 1, "_timestamp": 1678564887.538193, "_runtime": 9.657187938690186, "_step": 2, "_wandb": {"runtime": 11}}