{"train loss": 1.5364315509796143, "step": 3, "epoch": 1, "_timestamp": 1678564372.307012, "_runtime": 10.586421012878418, "_step": 2, "_wandb": {"runtime": 503}}