{"train loss": 1.4201812744140625, "step": 3, "epoch": 1, "_timestamp": 1678566521.7624483, "_runtime": 9.024941205978394, "_step": 2, "_wandb": {"runtime": 79}}