{"train loss": 1.360782265663147, "step": 1, "epoch": 1, "_timestamp": 1678565491.115196, "_runtime": 89.19380903244019, "_step": 0}