{"train loss": 1.4691877365112305, "step": 3, "epoch": 1, "_timestamp": 1678566226.0139425, "_runtime": 9.398221492767334, "_step": 2, "_wandb": {"runtime": 9}}