{"train loss": 1.4198925495147705, "step": 3, "epoch": 1, "_timestamp": 1678552043.1763213, "_runtime": 7.643509149551392, "_step": 2, "_wandb": {"runtime": 6}}