{"train loss": 1.4011908769607544, "step": 3, "epoch": 1, "_timestamp": 1678554912.3770308, "_runtime": 11.27194094657898, "_step": 2, "_wandb": {"runtime": 13}}