{"train loss": 1.396262526512146, "step": 3, "epoch": 1, "_timestamp": 1678566359.0268888, "_runtime": 10.229452848434448, "_step": 2, "_wandb": {"runtime": 100}}