{"train loss": 1.4887712001800537, "step": 3, "epoch": 1, "_timestamp": 1678553741.878276, "_runtime": 8.04582405090332, "_step": 2, "_wandb": {"runtime": 8}}