{"train loss": 1.3241900205612183, "step": 3, "epoch": 1, "_timestamp": 1678553936.0544684, "_runtime": 9.050087451934814, "_step": 2, "_wandb": {"runtime": 8}}