{"train loss": 1.367466688156128, "step": 3, "epoch": 1, "_timestamp": 1678553568.0874412, "_runtime": 6.909255266189575, "_step": 2, "_wandb": {"runtime": 6}}