{"train loss": 1.3855863809585571, "step": 3, "epoch": 1, "_timestamp": 1678566472.8975632, "_runtime": 9.5248122215271, "_step": 2, "_wandb": {"runtime": 14}}