{"train loss": 1.4641602039337158, "step": 3, "epoch": 1, "_timestamp": 1678564968.7783742, "_runtime": 9.860791206359863, "_step": 2, "_wandb": {"runtime": 61}}