{"train loss": 1.4742276668548584, "step": 3, "epoch": 1, "_timestamp": 1678550664.1799836, "_runtime": 6.155538558959961, "_step": 2, "_wandb": {"runtime": 6}}