{"train loss": 1.583236813545227, "step": 3, "epoch": 1, "_timestamp": 1678552400.7781274, "_runtime": 6.133612394332886, "_step": 2, "_wandb": {"runtime": 10}}