{"train loss": 1.4734857082366943, "step": 3, "epoch": 1, "_timestamp": 1678550966.1159666, "_runtime": 7.138302564620972, "_step": 2, "_wandb": {"runtime": 6}}