{"train loss": 1.5411334037780762, "step": 3, "epoch": 1, "_timestamp": 1678565043.2871187, "_runtime": 11.094239711761475, "_step": 2, "_wandb": {"runtime": 68}}