{"train loss": 1.5238194465637207, "step": 3, "epoch": 1, "_timestamp": 1678565752.4890168, "_runtime": 11.340182781219482, "_step": 2, "_wandb": {"runtime": 12}}