{"train loss": 1.2889013290405273, "step": 3, "epoch": 1, "_timestamp": 1678552221.4750333, "_runtime": 6.755571365356445, "_step": 2, "_wandb": {"runtime": 8}}