{"train loss": 1.4046885967254639, "step": 3, "epoch": 1, "_timestamp": 1678556214.8349438, "_runtime": 9.48938274383545, "_step": 2, "_wandb": {"runtime": 8}}