{"train loss": 1.459763526916504, "step": 3, "epoch": 1, "_timestamp": 1678564130.0065732, "_runtime": 21.67336130142212, "_step": 2, "_wandb": {"runtime": 25}}