{"train loss": 1.5600152015686035, "step": 3, "epoch": 1, "_timestamp": 1678552608.633659, "_runtime": 36.91714596748352, "_step": 2, "_wandb": {"runtime": 6}}