{"train loss": 1.5412538051605225, "step": 3, "epoch": 1, "_timestamp": 1678550794.0267193, "_runtime": 6.451728343963623, "_step": 2, "_wandb": {"runtime": 6}}