{"train loss": 1.3727083206176758, "step": 3, "epoch": 1, "_timestamp": 1678550164.7550797, "_runtime": 11.131555795669556, "_step": 2, "_wandb": {"runtime": 7}}