{"train loss": 1.5760265588760376, "step": 3, "epoch": 1, "_timestamp": 1678551354.7698233, "_runtime": 19.08279538154602, "_step": 2, "_wandb": {"runtime": 23}}